{"cameraMode":{"drawMode":0,"name":"Shaded","section":"Shading Mode"},"sceneLighting":true,"audioPlay":false,"sceneViewState":{"m_AlwaysRefresh":false,"showFog":true,"showSkybox":true,"showFlares":true,"showImageEffects":true,"showParticleSystems":true,"showVisualEffectGraphs":true,"m_FxEnabled":true},"in2DMode":false,"pivot":{"x":-20.108686447143556,"y":0.027307648211717607,"z":1.9073576927185059},"rotation":{"x":-0.01926485449075699,"y":-0.2851144075393677,"z":-0.005734332371503115,"w":0.9582862854003906},"size":1.6976484060287476,"orthographic":false}