{"cameraMode":{"drawMode":0,"name":"Shaded","section":"Shading Mode"},"sceneLighting":false,"audioPlay":false,"sceneViewState":{"m_AlwaysRefresh":false,"showFog":true,"showSkybox":false,"showFlares":true,"showImageEffects":true,"showParticleSystems":true,"showVisualEffectGraphs":true,"m_FxEnabled":true},"in2DMode":false,"pivot":{"x":-0.6338185667991638,"y":-0.23938417434692384,"z":4.700169563293457},"rotation":{"x":0.09512493759393692,"y":-0.05192537233233452,"z":0.004969064146280289,"w":0.9941064715385437},"size":4.169309139251709,"orthographic":false}